id,username,email,created_at
1,livelypioneer98,livelypioneer98@hackstack.io,2024-03-09 07:51:31
2,amberbeacon07,amberbeacon07@opswise.net,2024-01-08 02:32:53
3,navyzenith64,navyzenith64@acme.dev,2024-12-12 05:53:19
4,forestfield88,forestfield88@hackstack.io,2024-09-21 03:47:47
5,urbanpioneer94,urbanpioneer94@opswise.net,2025-04-24 18:47:26
6,proudlagoon72,proudlagoon72@seeded.app,2025-01-11 18:53:53
7,cobaltanchor39,cobaltanchor39@relay.cloud,2025-03-11 17:13:36
8,goldsignal31,goldsignal31@opswise.net,2024-08-12 07:32:15
9,clearbeacon53,clearbeacon53@acme.dev,2025-11-03 00:12:36
10,keendelta39,keendelta39@opswise.net,2025-06-01 17:39:09
11,emberdelta37,emberdelta37@opswise.net,2025-12-30 23:04:27
12,silverdelta84,silverdelta84@hackstack.io,2025-10-16 19:16:32
13,navygarden17,navygarden17@seeded.app,2025-07-22 06:39:36
14,clearzenith26,clearzenith26@example.com,2024-07-23 02:18:59
15,amberfield85,amberfield85@opswise.net,2024-07-14 14:33:56
16,harborpioneer77,harborpioneer77@example.com,2024-01-11 15:16:00
17,silvermeadow30,silvermeadow30@seeded.app,2024-02-22 04:43:23
18,jadevalley22,jadevalley22@acme.dev,2024-01-07 03:27:17
19,keenvalley56,keenvalley56@opswise.net,2024-08-25 03:56:36
20,opallagoon06,opallagoon06@opswise.net,2025-06-03 03:29:32
21,clearnetwork01,clearnetwork01@opswise.net,2025-07-19 05:25:11
22,keenjourney94,keenjourney94@relay.cloud,2024-03-08 10:14:53
23,opalquartz99,opalquartz99@relay.cloud,2025-10-21 04:16:59
24,quietfield00,quietfield00@relay.cloud,2024-12-17 15:56:02
25,forestorbit20,forestorbit20@seeded.app,2025-05-11 19:55:26
26,silverkernel73,silverkernel73@relay.cloud,2025-08-03 20:04:14
27,calmharvest39,calmharvest39@acme.dev,2024-01-17 04:36:55
28,briskquartz47,briskquartz47@example.com,2025-01-18 21:28:29
29,silvercanyon19,silvercanyon19@opswise.net,2024-01-10 02:03:31
30,proudfield65,proudfield65@hackstack.io,2025-12-30 01:12:30
31,goldriver00,goldriver00@relay.cloud,2024-10-20 01:19:58
32,harboranchor92,harboranchor92@opswise.net,2025-12-26 09:25:09
33,jadeengine94,jadeengine94@example.com,2026-01-25 00:51:10
34,briskvalley74,briskvalley74@hackstack.io,2026-01-18 00:28:31
35,mellowlagoon85,mellowlagoon85@opswise.net,2025-09-19 09:08:20
36,navycanyon95,navycanyon95@example.com,2024-09-14 01:10:15
37,warmnetwork78,warmnetwork78@relay.cloud,2024-05-11 12:45:50
38,ambersignal39,ambersignal39@opswise.net,2024-10-18 05:18:43
39,opalyard98,opalyard98@hackstack.io,2024-12-14 14:52:31
40,vividsignal63,vividsignal63@relay.cloud,2025-12-05 03:07:06
41,quietdelta22,quietdelta22@seeded.app,2024-08-25 14:32:02
42,dawnfield35,dawnfield35@acme.dev,2025-09-20 11:10:27
43,jadeanchor94,jadeanchor94@opswise.net,2024-05-15 07:47:44
44,cobaltgarden51,cobaltgarden51@seeded.app,2025-02-27 23:29:27
45,silveryard11,silveryard11@seeded.app,2024-09-30 14:08:09
46,clearwindow88,clearwindow88@example.com,2024-10-11 10:30:26
47,tidypioneer56,tidypioneer56@hackstack.io,2024-09-07 12:08:48
48,quietfield90,quietfield90@relay.cloud,2024-01-13 14:17:10
49,tidycanyon93,tidycanyon93@opswise.net,2024-09-13 08:44:19
50,navyharvest05,navyharvest05@acme.dev,2024-10-19 06:21:21
51,ambernetwork05,ambernetwork05@example.com,2024-11-18 02:50:02
52,forestkernel58,forestkernel58@relay.cloud,2025-09-20 12:20:51
53,cobaltnetwork99,cobaltnetwork99@acme.dev,2025-06-05 08:29:40
54,amberlagoon37,amberlagoon37@seeded.app,2024-02-26 09:04:54
55,jadenetwork84,jadenetwork84@opswise.net,2024-04-30 06:15:05
56,calmlagoon89,calmlagoon89@opswise.net,2025-07-26 00:27:13
57,quietisland28,quietisland28@relay.cloud,2024-02-10 20:56:41
58,keenisland06,keenisland06@hackstack.io,2024-09-09 12:49:11
59,tidydelta19,tidydelta19@opswise.net,2024-11-03 23:20:15
60,warmfield52,warmfield52@opswise.net,2025-03-06 17:19:37
61,keennetwork56,keennetwork56@relay.cloud,2025-08-19 23:07:51
62,briskpioneer54,briskpioneer54@hackstack.io,2026-01-29 06:13:08
63,proudvalley81,proudvalley81@opswise.net,2024-07-17 08:19:28
64,emberjourney48,emberjourney48@acme.dev,2025-12-24 02:01:00
65,warmjourney58,warmjourney58@hackstack.io,2025-01-25 05:34:39
66,briskzenith45,briskzenith45@seeded.app,2025-12-17 05:15:37
67,younguplink12,younguplink12@relay.cloud,2025-06-28 23:49:20
68,proudyard47,proudyard47@example.com,2025-04-30 05:40:11
69,mellowanchor72,mellowanchor72@opswise.net,2024-06-09 07:03:55
70,livelybeacon04,livelybeacon04@relay.cloud,2024-05-03 03:27:07
71,keenmeadow78,keenmeadow78@hackstack.io,2025-08-13 21:14:23
72,goldyard23,goldyard23@opswise.net,2024-07-28 06:08:42
73,cobaltyard46,cobaltyard46@hackstack.io,2025-09-06 10:27:13
74,clearisland80,clearisland80@hackstack.io,2024-03-12 13:00:21
75,dawnkernel40,dawnkernel40@hackstack.io,2026-01-23 23:46:32
76,tidypioneer09,tidypioneer09@example.com,2024-04-14 08:27:41
77,keenvalley10,keenvalley10@seeded.app,2024-02-18 05:32:56
78,youngjourney84,youngjourney84@relay.cloud,2025-12-29 06:04:24
79,proudlagoon20,proudlagoon20@acme.dev,2024-11-20 08:05:20
80,amberengine07,amberengine07@hackstack.io,2024-03-25 02:51:00
81,clearisland65,clearisland65@opswise.net,2025-09-17 10:29:17
82,tidyvalley78,tidyvalley78@hackstack.io,2025-11-26 05:06:03
83,silverpioneer32,silverpioneer32@seeded.app,2024-11-07 02:04:34
84,navybeacon49,navybeacon49@hackstack.io,2025-12-29 19:17:15
85,dawnnetwork21,dawnnetwork21@relay.cloud,2024-09-20 20:10:41
86,quietisland40,quietisland40@acme.dev,2026-01-31 07:02:17
87,keennetwork25,keennetwork25@example.com,2024-11-16 11:30:35
88,keenpioneer91,keenpioneer91@hackstack.io,2024-11-28 14:35:20
89,emberquartz06,emberquartz06@acme.dev,2025-11-27 03:07:55
90,rapidzenith09,rapidzenith09@relay.cloud,2025-02-24 05:55:03
91,opalzenith73,opalzenith73@relay.cloud,2024-12-10 05:23:35
92,dawnisland20,dawnisland20@opswise.net,2025-12-22 12:36:35
93,navywindow11,navywindow11@hackstack.io,2024-09-19 12:09:22
94,navysignal86,navysignal86@example.com,2024-08-13 07:37:36
95,forestbeacon94,forestbeacon94@relay.cloud,2025-09-01 00:21:55
96,cleargarden86,cleargarden86@opswise.net,2024-11-27 07:56:16
97,opalzenith77,opalzenith77@seeded.app,2024-01-14 12:17:38
98,mellowpioneer40,mellowpioneer40@hackstack.io,2025-05-24 02:29:37
99,keengarden88,keengarden88@example.com,2024-05-08 09:55:00
100,younglagoon33,younglagoon33@seeded.app,2025-03-01 03:52:51
101,dawnengine76,dawnengine76@hackstack.io,2024-06-07 05:47:50
102,clearquartz08,clearquartz08@seeded.app,2024-07-09 06:45:30
103,vividanchor59,vividanchor59@relay.cloud,2024-11-15 03:57:24
104,mellowgarden42,mellowgarden42@example.com,2025-02-08 01:21:05
105,calmbeacon92,calmbeacon92@example.com,2026-01-28 09:48:15
106,jadejourney71,jadejourney71@example.com,2025-09-19 09:31:14
107,opalquartz07,opalquartz07@relay.cloud,2024-06-06 19:21:34
108,amberdelta14,amberdelta14@acme.dev,2025-02-17 15:25:38
109,emberharvest28,emberharvest28@hackstack.io,2024-05-16 19:44:00
110,cobaltsignal12,cobaltsignal12@hackstack.io,2025-03-27 05:53:15
111,keenisland73,keenisland73@relay.cloud,2024-02-09 15:56:36
112,navyzenith64,navyzenith64@relay.cloud,2025-06-07 18:16:55
113,vividzenith48,vividzenith48@relay.cloud,2026-01-20 17:33:12
114,silverjourney89,silverjourney89@relay.cloud,2024-12-24 03:00:24
115,amberwindow61,amberwindow61@hackstack.io,2025-05-27 00:13:41
116,goldkernel80,goldkernel80@acme.dev,2026-01-18 05:53:56
117,clearzenith17,clearzenith17@relay.cloud,2024-12-11 03:02:39
118,opalpioneer78,opalpioneer78@acme.dev,2024-02-29 20:14:15
119,amberriver89,amberriver89@seeded.app,2024-05-10 04:22:06
120,silverquartz39,silverquartz39@example.com,2024-10-27 19:48:36
121,jadeorbit11,jadeorbit11@relay.cloud,2024-07-16 10:46:01
122,rapidwindow99,rapidwindow99@example.com,2025-06-15 04:01:03
123,quietyard63,quietyard63@relay.cloud,2025-01-19 22:33:34
124,clearengine30,clearengine30@hackstack.io,2025-01-23 14:43:31
125,clearharvest29,clearharvest29@seeded.app,2024-12-11 09:12:31
126,clearsignal63,clearsignal63@opswise.net,2024-05-11 04:02:17
127,quietharvest96,quietharvest96@seeded.app,2024-04-07 20:09:52
128,mellowdelta22,mellowdelta22@seeded.app,2025-08-20 10:01:46
129,proudwindow92,proudwindow92@hackstack.io,2025-01-29 13:24:01
130,urbanquartz59,urbanquartz59@relay.cloud,2025-11-17 13:11:24
131,tidynetwork91,tidynetwork91@hackstack.io,2025-12-19 01:10:13
132,silveruplink13,silveruplink13@example.com,2025-08-07 18:38:35
133,silvercanyon35,silvercanyon35@acme.dev,2024-11-14 21:37:02
134,opalnetwork28,opalnetwork28@acme.dev,2026-01-18 16:49:58
135,tidycanyon68,tidycanyon68@hackstack.io,2024-12-01 12:52:44
136,briskorbit32,briskorbit32@opswise.net,2024-09-10 21:45:33
137,briskzenith09,briskzenith09@acme.dev,2025-06-25 02:20:30
138,jadeorbit58,jadeorbit58@acme.dev,2025-06-13 18:50:24
139,rapidengine06,rapidengine06@acme.dev,2025-08-02 16:09:03
140,clearlagoon51,clearlagoon51@hackstack.io,2025-07-08 04:19:01
141,dawnanchor32,dawnanchor32@seeded.app,2024-11-24 12:34:14
142,clearriver07,clearriver07@opswise.net,2024-03-10 17:10:09
143,jadeisland17,jadeisland17@seeded.app,2025-02-19 22:12:06
144,embergarden30,embergarden30@hackstack.io,2024-10-30 13:32:31
145,youngfield29,youngfield29@hackstack.io,2024-08-18 08:43:46
146,emberuplink92,emberuplink92@acme.dev,2025-09-06 15:03:40
147,harborlagoon48,harborlagoon48@example.com,2025-10-25 07:08:00
148,proudnetwork08,proudnetwork08@example.com,2025-12-29 15:27:21
149,calmengine89,calmengine89@opswise.net,2024-10-28 21:15:33
150,vividtrail75,vividtrail75@hackstack.io,2025-04-14 19:42:25
151,silverjourney50,silverjourney50@opswise.net,2024-05-25 12:38:40
152,ivoryvalley29,ivoryvalley29@opswise.net,2025-02-26 21:51:00
153,cobaltbeacon04,cobaltbeacon04@hackstack.io,2024-07-14 03:10:27
154,ivorypioneer07,ivorypioneer07@seeded.app,2024-06-10 21:46:40
155,jadesignal79,jadesignal79@relay.cloud,2024-12-03 01:36:15
156,opalzenith31,opalzenith31@example.com,2024-08-01 23:28:17
157,ivorykernel36,ivorykernel36@opswise.net,2024-04-05 06:51:37
158,golddelta24,golddelta24@example.com,2024-08-05 11:20:33
159,mellowtrail79,mellowtrail79@opswise.net,2025-12-16 04:23:47
160,rapidquartz95,rapidquartz95@relay.cloud,2024-10-23 07:28:27
161,silverisland62,silverisland62@acme.dev,2025-01-18 00:57:52
162,silvermeadow52,silvermeadow52@opswise.net,2024-02-29 09:11:46
163,briskjourney35,briskjourney35@acme.dev,2024-03-13 02:28:23
164,vividisland26,vividisland26@seeded.app,2025-05-15 02:11:49
165,jadetrail72,jadetrail72@relay.cloud,2025-08-20 05:07:39
166,warmcanyon13,warmcanyon13@example.com,2024-07-05 02:01:25
167,quietpioneer71,quietpioneer71@hackstack.io,2024-05-14 09:07:37
168,navysignal08,navysignal08@relay.cloud,2025-11-07 14:06:07
169,harborbeacon20,harborbeacon20@acme.dev,2025-01-31 06:59:08
170,emberriver99,emberriver99@opswise.net,2024-11-02 03:19:08
171,emberorbit54,emberorbit54@example.com,2024-10-09 01:24:09
172,goldnetwork82,goldnetwork82@hackstack.io,2024-03-04 14:21:15
173,amberfield98,amberfield98@example.com,2024-03-05 04:55:35
174,opalmeadow80,opalmeadow80@example.com,2025-10-17 23:16:05
175,cobaltsignal66,cobaltsignal66@acme.dev,2024-11-27 10:47:44
176,livelyzenith01,livelyzenith01@hackstack.io,2024-02-16 01:37:03
177,opalisland25,opalisland25@hackstack.io,2024-05-06 09:29:48
178,quietdelta80,quietdelta80@relay.cloud,2025-12-28 05:17:11
179,quietanchor49,quietanchor49@example.com,2025-02-20 16:35:34
180,keenwindow48,keenwindow48@example.com,2025-10-03 20:29:20
181,keenmeadow30,keenmeadow30@opswise.net,2024-08-11 04:19:41
182,ambersignal90,ambersignal90@hackstack.io,2025-03-01 02:14:53
183,cobaltlagoon92,cobaltlagoon92@acme.dev,2024-12-01 16:26:33
184,keenriver48,keenriver48@opswise.net,2025-10-15 16:49:31
185,rapidbeacon13,rapidbeacon13@relay.cloud,2024-05-04 20:41:41
186,tidybeacon11,tidybeacon11@opswise.net,2025-05-05 21:10:28
187,briskuplink67,briskuplink67@acme.dev,2025-07-25 21:29:46
188,rapidvalley63,rapidvalley63@relay.cloud,2025-09-09 06:39:33
189,dawnkernel89,dawnkernel89@relay.cloud,2025-03-17 11:13:40
190,dawnmeadow13,dawnmeadow13@relay.cloud,2025-04-20 03:27:37
191,calmuplink59,calmuplink59@example.com,2025-10-15 08:54:52
192,mellowlagoon04,mellowlagoon04@seeded.app,2025-10-05 23:54:54
193,emberzenith52,emberzenith52@hackstack.io,2024-10-16 16:51:14
194,younganchor77,younganchor77@relay.cloud,2025-08-16 11:22:36
195,tidynetwork97,tidynetwork97@seeded.app,2024-11-28 03:48:45
196,warmharvest25,warmharvest25@relay.cloud,2025-09-22 16:59:33
197,opalriver15,opalriver15@relay.cloud,2024-04-22 17:58:05
198,ivoryriver51,ivoryriver51@relay.cloud,2025-02-25 17:06:10
199,clearsignal38,clearsignal38@hackstack.io,2025-10-29 14:59:36
200,emberisland34,emberisland34@seeded.app,2024-03-31 09:46:36
201,goldnetwork65,goldnetwork65@relay.cloud,2025-11-27 06:23:20
202,opalorbit63,opalorbit63@opswise.net,2025-08-21 10:00:29
203,navydelta51,navydelta51@relay.cloud,2025-01-09 19:48:52
204,quietpioneer96,quietpioneer96@acme.dev,2024-03-28 06:51:04
205,cobaltvalley63,cobaltvalley63@example.com,2025-01-23 21:29:09
206,rapidyard76,rapidyard76@seeded.app,2025-12-25 17:29:17
207,rapidnetwork97,rapidnetwork97@opswise.net,2025-03-26 17:08:58
208,quietsignal52,quietsignal52@hackstack.io,2025-05-04 17:39:05
209,opaldelta87,opaldelta87@relay.cloud,2025-07-23 12:17:16
210,dawnorbit80,dawnorbit80@seeded.app,2025-09-26 02:48:13
211,opalsignal60,opalsignal60@seeded.app,2025-09-24 02:23:05
212,dawnlagoon58,dawnlagoon58@hackstack.io,2025-01-21 08:27:25
213,ivorycanyon05,ivorycanyon05@hackstack.io,2024-06-20 08:48:05
214,briskgarden90,briskgarden90@relay.cloud,2024-08-05 05:52:10
215,quietjourney74,quietjourney74@opswise.net,2024-05-03 01:25:24
216,keenmeadow02,keenmeadow02@seeded.app,2025-05-17 17:23:29
217,opalgarden94,opalgarden94@acme.dev,2025-09-05 09:39:21
218,forestuplink34,forestuplink34@seeded.app,2025-09-03 22:15:19
219,forestdelta29,forestdelta29@opswise.net,2024-01-04 03:26:15
220,silverlagoon46,silverlagoon46@opswise.net,2025-08-03 20:53:25
221,opalbeacon04,opalbeacon04@relay.cloud,2025-05-09 20:26:44
222,livelykernel60,livelykernel60@example.com,2026-01-15 00:12:17
223,emberwindow54,emberwindow54@seeded.app,2025-05-27 01:45:57
224,quietyard99,quietyard99@hackstack.io,2024-10-25 19:13:55
225,jaderiver45,jaderiver45@seeded.app,2024-03-04 13:35:25
226,goldcanyon52,goldcanyon52@hackstack.io,2024-01-10 01:13:23
227,younglagoon41,younglagoon41@relay.cloud,2024-05-12 09:55:01
228,amberfield36,amberfield36@relay.cloud,2025-01-16 18:24:47
229,clearharvest82,clearharvest82@acme.dev,2024-07-13 00:04:27
230,harborisland14,harborisland14@acme.dev,2024-04-29 01:13:56
231,opaluplink74,opaluplink74@acme.dev,2025-08-16 21:05:13
232,briskvalley59,briskvalley59@seeded.app,2024-05-29 23:58:25
233,rapiduplink12,rapiduplink12@example.com,2025-12-30 18:25:31
234,livelyriver61,livelyriver61@example.com,2026-02-01 14:03:33
235,keendelta92,keendelta92@hackstack.io,2024-07-18 07:41:51
236,calmwindow13,calmwindow13@relay.cloud,2025-10-31 11:03:40
237,youngfield48,youngfield48@opswise.net,2024-09-23 16:40:51
238,briskwindow19,briskwindow19@hackstack.io,2024-09-01 04:48:15
239,proudtrail25,proudtrail25@relay.cloud,2024-09-12 20:26:25
240,urbanfield08,urbanfield08@hackstack.io,2025-06-04 05:13:14
241,rapidmeadow82,rapidmeadow82@example.com,2024-12-03 18:26:57
242,livelynetwork52,livelynetwork52@opswise.net,2025-12-24 09:15:54
243,ambermeadow66,ambermeadow66@opswise.net,2024-06-18 17:54:56
244,forestengine16,forestengine16@hackstack.io,2025-01-02 04:06:40
245,emberdelta37,emberdelta37@seeded.app,2024-01-15 07:30:28
246,younguplink01,younguplink01@seeded.app,2024-07-13 23:34:00
247,youngbeacon41,youngbeacon41@opswise.net,2024-04-08 18:58:11
248,ivoryisland97,ivoryisland97@opswise.net,2024-10-07 06:47:59
249,navytrail34,navytrail34@seeded.app,2024-09-16 20:24:03
250,navyjourney08,navyjourney08@opswise.net,2025-09-04 20:22:31
251,forestlagoon82,forestlagoon82@hackstack.io,2024-11-02 04:30:03
252,livelyuplink76,livelyuplink76@acme.dev,2024-04-08 11:12:52
253,harborquartz39,harborquartz39@example.com,2025-03-25 10:00:49
254,mellowjourney68,mellowjourney68@opswise.net,2025-03-23 02:05:56
255,ivorynetwork86,ivorynetwork86@example.com,2025-10-07 17:44:59
256,mellowlagoon51,mellowlagoon51@seeded.app,2024-11-21 10:59:34
257,goldlagoon71,goldlagoon71@opswise.net,2024-12-13 01:55:21
258,briskwindow99,briskwindow99@example.com,2025-05-20 20:17:19
259,clearquartz69,clearquartz69@relay.cloud,2025-10-24 17:59:44
260,jadelagoon30,jadelagoon30@acme.dev,2024-02-25 02:13:21
261,quietanchor45,quietanchor45@example.com,2025-07-08 10:13:57
262,proudtrail87,proudtrail87@hackstack.io,2025-01-27 00:46:37
263,warmgarden59,warmgarden59@example.com,2024-06-30 11:25:20
264,goldzenith05,goldzenith05@hackstack.io,2024-07-20 03:18:38
265,navyengine85,navyengine85@seeded.app,2025-11-11 07:28:27
266,keenanchor36,keenanchor36@relay.cloud,2025-04-19 14:26:34
267,vividbeacon18,vividbeacon18@hackstack.io,2026-01-06 18:55:40
268,harboruplink35,harboruplink35@opswise.net,2024-11-22 16:23:33
269,youngnetwork36,youngnetwork36@relay.cloud,2025-11-29 20:16:16
270,harboruplink48,harboruplink48@relay.cloud,2024-06-24 19:07:23
271,clearnetwork84,clearnetwork84@example.com,2024-01-22 19:49:50
272,rapiddelta64,rapiddelta64@acme.dev,2024-06-23 00:11:40
273,youngcanyon53,youngcanyon53@seeded.app,2024-05-08 04:25:38
274,warmmeadow81,warmmeadow81@relay.cloud,2025-12-28 05:22:10
275,opalorbit76,opalorbit76@hackstack.io,2024-07-13 12:46:10
276,opalfield27,opalfield27@acme.dev,2025-06-20 09:35:19
277,forestbeacon17,forestbeacon17@relay.cloud,2024-07-08 09:05:12
278,forestnetwork19,forestnetwork19@relay.cloud,2024-01-16 08:09:22
279,urbanlagoon80,urbanlagoon80@acme.dev,2024-11-07 13:05:41
280,cobaltyard98,cobaltyard98@relay.cloud,2025-10-05 15:05:03
281,amberkernel44,amberkernel44@acme.dev,2024-04-21 09:05:10
282,forestvalley63,forestvalley63@opswise.net,2026-01-25 11:14:23
283,quietdelta88,quietdelta88@hackstack.io,2025-07-14 01:50:17
284,navyfield06,navyfield06@relay.cloud,2025-09-12 21:33:33
285,younggarden99,younggarden99@hackstack.io,2024-12-01 05:48:31
286,opalwindow45,opalwindow45@seeded.app,2024-07-16 19:36:20
287,urbanbeacon58,urbanbeacon58@example.com,2025-11-16 01:22:08
288,harborbeacon71,harborbeacon71@acme.dev,2025-11-21 10:20:53
289,youngvalley63,youngvalley63@relay.cloud,2024-01-11 05:04:56
290,briskriver94,briskriver94@example.com,2024-09-09 22:52:32
291,silverpioneer32,silverpioneer32@relay.cloud,2024-07-17 06:05:45
292,cleardelta92,cleardelta92@opswise.net,2025-06-07 15:59:33
293,cobaltkernel27,cobaltkernel27@relay.cloud,2024-01-20 04:18:20
294,mellowyard75,mellowyard75@seeded.app,2024-05-20 01:22:21
295,forestriver33,forestriver33@relay.cloud,2025-01-14 22:47:22
296,silverzenith27,silverzenith27@acme.dev,2025-10-29 16:19:53
297,keenvalley24,keenvalley24@opswise.net,2025-06-22 10:39:04
298,proudfield32,proudfield32@hackstack.io,2024-02-19 17:00:10
299,opalnetwork17,opalnetwork17@seeded.app,2025-07-01 00:17:32
300,silversignal01,silversignal01@acme.dev,2025-12-20 20:40:30
301,harborjourney71,harborjourney71@opswise.net,2025-05-23 15:43:02
302,silvervalley27,silvervalley27@example.com,2024-11-07 08:04:23
303,forestjourney46,forestjourney46@relay.cloud,2025-01-26 01:16:45
304,opalcanyon76,opalcanyon76@example.com,2025-01-04 19:17:28
305,dawnkernel83,dawnkernel83@acme.dev,2024-01-15 19:48:03
306,harborriver93,harborriver93@opswise.net,2024-11-28 16:29:56
307,mellowgarden88,mellowgarden88@hackstack.io,2024-01-22 20:39:57
308,harbornetwork55,harbornetwork55@hackstack.io,2025-04-28 13:09:48
309,briskzenith22,briskzenith22@hackstack.io,2025-12-19 16:31:54
310,cobaltengine03,cobaltengine03@relay.cloud,2025-05-12 04:00:50
311,calmbeacon42,calmbeacon42@opswise.net,2024-03-28 03:44:16
312,emberbeacon52,emberbeacon52@example.com,2025-08-30 23:23:12
313,mellowgarden56,mellowgarden56@seeded.app,2025-06-23 08:36:11
314,calmdelta93,calmdelta93@opswise.net,2024-08-02 20:09:17
315,opalpioneer54,opalpioneer54@example.com,2024-04-25 06:41:56
316,livelysignal55,livelysignal55@relay.cloud,2024-06-15 07:48:51
317,mellowlagoon37,mellowlagoon37@opswise.net,2025-11-03 03:40:42
318,mellowwindow98,mellowwindow98@hackstack.io,2025-10-08 20:54:55
319,harbornetwork52,harbornetwork52@seeded.app,2025-04-21 12:24:34
320,livelyharvest17,livelyharvest17@seeded.app,2025-05-21 21:04:53
321,mellowuplink88,mellowuplink88@hackstack.io,2025-04-02 22:49:01
322,calmdelta16,calmdelta16@hackstack.io,2024-08-08 03:41:45
323,livelypioneer94,livelypioneer94@hackstack.io,2024-09-04 10:56:58
324,vividmeadow67,vividmeadow67@seeded.app,2025-12-14 04:08:55
325,warmpioneer60,warmpioneer60@example.com,2025-01-01 09:30:38
326,forestengine46,forestengine46@hackstack.io,2025-06-23 23:03:28
327,vividorbit47,vividorbit47@seeded.app,2025-07-24 01:35:00
328,tidyharvest21,tidyharvest21@example.com,2026-01-11 03:29:41
329,harbornetwork56,harbornetwork56@acme.dev,2024-06-17 22:37:37
330,amberjourney35,amberjourney35@example.com,2024-11-15 12:38:25
331,emberdelta46,emberdelta46@seeded.app,2024-02-28 05:21:41
332,urbanquartz98,urbanquartz98@seeded.app,2024-04-06 11:06:24
333,proudriver89,proudriver89@seeded.app,2024-10-19 04:05:34
334,harborisland41,harborisland41@hackstack.io,2024-05-26 12:14:06
335,golduplink39,golduplink39@opswise.net,2025-05-29 05:33:33
336,younganchor66,younganchor66@example.com,2024-07-13 19:02:01
337,youngisland68,youngisland68@example.com,2024-12-13 07:05:29
338,forestzenith51,forestzenith51@opswise.net,2024-03-21 00:38:44
339,forestgarden26,forestgarden26@relay.cloud,2024-11-17 09:28:09
340,dawndelta85,dawndelta85@hackstack.io,2024-04-23 16:58:09
341,briskorbit21,briskorbit21@relay.cloud,2025-02-12 03:48:50
342,cobaltlagoon99,cobaltlagoon99@relay.cloud,2025-04-11 11:02:02
343,opalvalley44,opalvalley44@relay.cloud,2024-08-28 00:45:13
344,clearorbit99,clearorbit99@relay.cloud,2024-07-08 17:03:43
345,warmlagoon45,warmlagoon45@acme.dev,2024-05-06 11:29:28
346,livelyfield48,livelyfield48@acme.dev,2026-01-23 12:05:17
347,calmcanyon09,calmcanyon09@relay.cloud,2025-08-01 08:17:23
348,goldbeacon89,goldbeacon89@acme.dev,2025-04-29 02:30:19
349,navyanchor16,navyanchor16@seeded.app,2024-02-25 11:15:39
350,briskjourney96,briskjourney96@seeded.app,2024-08-31 19:41:48
351,forestriver53,forestriver53@acme.dev,2025-05-18 11:38:35
352,urbannetwork01,urbannetwork01@opswise.net,2024-12-25 11:52:31
353,goldcanyon08,goldcanyon08@acme.dev,2025-01-16 14:43:11
354,forestvalley26,forestvalley26@opswise.net,2025-03-06 07:00:56
355,mellowquartz66,mellowquartz66@relay.cloud,2024-12-15 23:40:16
356,navyvalley56,navyvalley56@relay.cloud,2025-02-15 11:40:58
357,amberisland47,amberisland47@example.com,2024-09-13 16:22:28
358,urbanvalley09,urbanvalley09@relay.cloud,2024-11-29 00:40:08
359,livelycanyon04,livelycanyon04@acme.dev,2026-01-27 14:27:55
360,proudquartz56,proudquartz56@relay.cloud,2024-11-24 19:06:54
361,cobaltzenith43,cobaltzenith43@example.com,2025-03-14 12:01:45
362,warmpioneer64,warmpioneer64@example.com,2025-01-03 08:50:28
363,briskanchor76,briskanchor76@relay.cloud,2025-09-13 14:26:33
364,urbanpioneer19,urbanpioneer19@relay.cloud,2025-01-28 21:38:12
365,clearzenith27,clearzenith27@seeded.app,2024-08-01 15:14:38
366,rapidzenith96,rapidzenith96@acme.dev,2025-09-14 09:07:55
367,goldzenith82,goldzenith82@relay.cloud,2025-10-17 04:45:19
368,vividengine04,vividengine04@relay.cloud,2025-03-09 23:06:18
369,emberkernel70,emberkernel70@example.com,2024-02-28 06:12:22
370,cleargarden54,cleargarden54@opswise.net,2024-03-17 06:59:27
371,dawncanyon68,dawncanyon68@example.com,2025-05-29 06:53:40
372,dawnwindow68,dawnwindow68@acme.dev,2025-05-19 21:28:04
373,navyharvest16,navyharvest16@example.com,2024-08-15 11:48:18
374,quietkernel30,quietkernel30@relay.cloud,2024-12-06 02:53:02
375,silverharvest09,silverharvest09@example.com,2025-08-28 15:04:57
376,forestnetwork50,forestnetwork50@acme.dev,2025-01-10 07:43:18
377,proudharvest39,proudharvest39@hackstack.io,2024-10-04 14:57:36
378,livelytrail14,livelytrail14@seeded.app,2025-07-18 14:53:00
379,harborbeacon66,harborbeacon66@hackstack.io,2024-03-10 01:46:35
380,youngmeadow84,youngmeadow84@opswise.net,2025-06-19 02:02:37
381,ivoryengine48,ivoryengine48@relay.cloud,2025-01-07 06:43:24
382,tidypioneer29,tidypioneer29@relay.cloud,2025-12-28 09:48:01
383,proudorbit62,proudorbit62@relay.cloud,2024-02-18 10:58:25
384,livelylagoon49,livelylagoon49@hackstack.io,2024-05-30 20:20:26
385,tidyorbit48,tidyorbit48@opswise.net,2025-12-12 19:18:59
386,navyriver20,navyriver20@opswise.net,2024-12-15 01:05:28
387,vividcanyon06,vividcanyon06@seeded.app,2024-04-01 11:53:44
388,youngkernel21,youngkernel21@relay.cloud,2025-02-15 16:43:47
389,keenriver25,keenriver25@hackstack.io,2025-01-08 07:26:51
390,amberlagoon84,amberlagoon84@hackstack.io,2024-08-28 05:31:09
391,vividnetwork07,vividnetwork07@seeded.app,2024-10-06 13:13:17
392,livelyfield05,livelyfield05@example.com,2025-02-08 06:35:40
393,youngkernel44,youngkernel44@acme.dev,2025-07-22 21:41:10
394,silveryard14,silveryard14@acme.dev,2024-11-10 18:14:49
395,warmuplink75,warmuplink75@opswise.net,2024-02-13 23:52:09
396,clearjourney88,clearjourney88@hackstack.io,2025-06-15 15:31:56
397,keencanyon64,keencanyon64@acme.dev,2025-03-21 14:32:49
398,goldlagoon78,goldlagoon78@hackstack.io,2024-02-07 07:15:37
399,embergarden11,embergarden11@opswise.net,2024-01-20 19:04:02
400,livelykernel24,livelykernel24@hackstack.io,2025-11-24 07:14:33
